<!--Sanity-->

<!--<!DOCTYPE suite SYSTEM "https://testng.org/testng-1.0.dtd" >-->
<!--<suite name="manipal testng suite" verbose="1" >-->
<!--    <groups>-->
<!--        <run>-->
<!--            <include name="Sanity" />-->
<!--        </run>-->
<!--    </groups>-->
<!--    <test name="Functional testing" >-->
<!--        <classes>-->
<!--            <class name="org.example.groups" />-->
<!--        </classes>-->
<!--    </test>-->

<!--</suite>-->

<!--Regression-->

<!--<!DOCTYPE suite SYSTEM "https://testng.org/testng-1.0.dtd" >-->
<!--<suite name="manipal testng suite" verbose="1" >-->
<!--    <groups>-->
<!--        <run>-->
<!--            <include name="Regression" />-->
<!--        </run>-->
<!--    </groups>-->
<!--    <test name="Functional  testing" >-->
<!--        <classes>-->
<!--            <class name="org.example.groups" />-->
<!--        </classes>-->
<!--    </test>-->

<!--</suite>-->

<!--Priority-->

<!--<!DOCTYPE suite SYSTEM "https://testng.org/testng-1.0.dtd" >-->
<!--<suite name="manipal testng suite" verbose="1" >-->

<!--    <test name="Functional  testing" >-->
<!--        <classes>-->
<!--            <class name="org.example.Priority" />-->
<!--        </classes>-->
<!--    </test>-->

<!--</suite>-->

<!--DependsOnMethod-->

<!--        <!DOCTYPE suite SYSTEM "https://testng.org/testng-1.0.dtd" >-->
<!--        <suite name="manipal testng suite" verbose="1" >-->

<!--            <test name="Functional  testing" >-->
<!--                <classes>-->
<!--                    <class name="org.example.DependsOnMethod" />-->
<!--                </classes>-->
<!--            </test>-->

<!--        </suite>-->


<!--ParallelMethods-->

<!--<!DOCTYPE suite SYSTEM "https://testng.org/testng-1.0.dtd" >-->
<!--<suite name="manipal testng suite" verbose="1" >-->

<!--    <test name="Functional  testing" >-->
<!--        <classes>-->
<!--            <class name="org.example.ParallelMethods" />-->
<!--        </classes>-->
<!--    </test>-->

<!--</suite>-->

<!--Parameters-->

<!--<!DOCTYPE suite SYSTEM "https://testng.org/testng-1.0.dtd" >-->
<!--<suite name="manipal testng suite" verbose="1" >-->

<!--    <test name="Functional  testing" >-->
<!--        <classes>-->
<!--            <class name="org.example.Parameters" />-->
<!--        </classes>-->
<!--    </test>-->

<!--</suite>-->

<!DOCTYPE suite SYSTEM "https://testng.org/testng-1.0.dtd" >
<suite name="manipal testng suite" verbose="1" parallel= "classes" >
<parameter name="browser" value="chrome"></parameter>
    <test name="Functional  testing" >
        <classes>
            <class name="org.example.ChromeLauncher" />
            <class name="org.example.EdgeLauncher" />
        </classes>
    </test>

</suite>






